1,Test Bookmark,http://www.example.com,Test notes,2024-04-21
1,Test Bookmark,http://www.example.com,Test notes,2024-04-21
1,Test Bookmark,http://www.example.com,Test notes,2024-04-21
1,Test Bookmark,http://www.example.com,Test notes,2024-04-21
1,Test Bookmark,http://www.example.com,Test notes,2024-04-21
1,Test Bookmark,http://www.example.com,Test notes,2024-04-21
1,Test Bookmark,http://www.example.com,Test notes,2024-04-21
1,Test Bookmark,http://www.example.com,Test notes,2024-04-21
1,Test Bookmark,http://www.example.com,Test notes,2024-04-21
1,Test Bookmark,http://www.example.com,Test notes,2024-04-21
1,Test Bookmark,http://www.example.com,Test notes,2024-04-21
1,Test Bookmark,http://www.example.com,Test notes,2024-04-21
1,Test Bookmark,http://www.example.com,Test notes,2024-04-21
1,Test Bookmark,http://www.example.com,Test notes,2024-04-21
1,Test Bookmark,http://www.example.com,Test notes,2024-04-21
1,Test Bookmark,http://www.example.com,Test notes,2024-04-21
1,Test Bookmark,http://www.example.com,Test notes,2024-04-21
1,Test Bookmark,http://www.example.com,Test notes,2024-04-21
1,Test Bookmark,http://www.example.com,Test notes,2024-04-21
1,Test Bookmark,http://www.example.com,Test notes,2024-04-21
1,Test Bookmark,http://www.example.com,Test notes,2024-05-01
1,Test Bookmark,http://www.example.com,Test notes,2024-05-01
1,goofy,http://www.example.com,Test notes,2024-05-01
